Experience,Nodes,PathLoss,Packet_Sent,Packet_Loss,Collisions,Energy,DER,Mathematical-Model,Error,SF7,SF8,SF9,SF10,SF11,SF12,DSF7,DSF8,DSF9,DSF10,DSF11,DSF12
1,10,6,1240,257,4,0.00926035968,78.95161290322581,98.92404277381142,19.97242987058561,0.0047146666666666,0.0068608,0.0030890666666666,0.0,0.0,0.0,5,4,1,0,0,0
1,10,6,1193,0,2,0.007798695168,99.83235540653814,98.92404277381142,0.9083126327267195,0.004714666666666667,0.0068608,0.0030890666666666664,0.0,0.0,0.0,5,4,1,0,0,0
