Experience,Nodes,PathLoss,Packet_Sent,Packet_Loss,Collisions,Energy,DER,Mathematical-Model,Error,SF7,SF8,SF9,SF10,SF11,SF12,DSF7,DSF8,DSF9,DSF10,DSF11,DSF12
1,500,6,12150,0,417,0.117717101568,96.5679012345679,88.38238159601143,8.185519638556471,0.07298304,0.02641408,0.02224128,0.0,0.0,0.0,387,77,36,0,0,0
1,500,6,11953,0,399,0.06713767987200002,96.66192587634903,88.38238159601143,8.279544280337603,0.07298304,0.026414080000000003,0.02224128,0.0,0.0,0.0,387,77,36,0,0,0
