Experience,Rho_max,Packet_generation,Nodes,PathLoss,Packet_Sent,Packet_Loss,Collisions,Energy,DER,Mathematical-Model,Error,SF7,SF8,SF9,SF10,SF11,SF12,DSF7,DSF8,DSF9,DSF10,DSF11,DSF12
1,0.3,100,2500,6,179924,0,77884,2.502450677759996,56.7106111469287,19.73778751257352,36.97282363435518,0.7671705600000002,0.31696896,1.5494758399999995,0.0,0.0,0.0,1356,308,836,0,0,0
1,0.3,100,2500,6,180071,0,82367,2.1530587115520023,54.256931987938096,23.47505564897189,30.781876338966207,0.65232128,0.31079424,1.6643891199999998,0.30767103999999995,0.30396416,0.30334976,1153,302,898,83,41,23
