Experience,Rho_max,Packet_generation,Nodes,PathLoss,Packet_Sent,Packet_Loss,Collisions,Energy,DER,Mathematical-Model,Error,SF7,SF8,SF9,SF10,SF11,SF12,DSF7,DSF8,DSF9,DSF10,DSF11,DSF12
1,0.5,300,2000,6,48500,0,7551,0.6769420247039986,84.43092783505155,61.0527983497692,23.37812948528235,0.20310784,0.08576,0.4157883733333333,0.0,0.0,0.0,1077,250,673,0,0,0
1,0.5,300,2000,6,48088,0,7808,0.44424492518400094,83.76310098153385,61.0527983497692,22.710302631764655,0.20310784000000004,0.08576,0.4157883733333333,0.0,0.0,0.0,1077,250,673,0,0,0
